FullName,LibraryPrepID,DNASample,LibraryPlate,Row,Col,Barcode,nLanes,DNA_Plate,SampleDNA_Well,Genus,Species,Project,GermplasmSet,Pedigree,Population,f_.inbreeding.,SeedLot
Mo17:MRG:2:250040134,250040134,Mo17,MDP_3,H,1,TGCTGGA,2,MGP3,H01,Zea,mays,Ames282,282 maize diversity panel;IBM parent,MO17,282 maize association mapping panel,0.9,
PI550473:81FE7ABXX:6:250031665,250031665,PI550473,Ames6,D,6,AGTGGA,1,Ames6,D06,Zea,mays,2010 Ames Lines,Ames,B73,inbred,0.9,08ncai01 SD
PI600981:81FENABXX:1:250033863,250033863,PI600981,Ames23,H,3,ACAGGGAA,1,Ames23,H03,Zea,mays,2010 Ames Lines,Ames,PHG39,inbred,0.9,03ncai01 SD
PI601008:81FENABXX:1:250033837,250033837,PI601008,Ames23,F,1,TCGTT,1,Ames23,F01,Zea,mays,2010 Ames Lines,Ames,PHG35,inbred,0.9,07ncai01 SD
PI601079:81FE7ABXX:4:250031456,250031456,PI601079,Ames4,H,9,GGATTGGT,1,Ames4,H09,Zea,mays,2010 Ames Lines,Ames,LH123HT,inbred,0.9,03ncai01 SD
PI601170:81FE8ABXX:6:250032540,250032540,PI601170,Ames14,D,8,TGCAAGGA,1,Ames14,D08,Zea,mays,2010 Ames Lines,Ames,LH82,inbred,0.9,04ncai01 SD
PI601318:81N4HABXX:7:250033667,250033667,PI601318,Ames22,C,2,CTTCCA,1,Ames22,C02,Zea,mays,2010 Ames Lines,Ames,PHG47,inbred,0.9,08ncai01 SD
PI601320:81FENABXX:4:250034941,250034941,PI601320,Ames27,C,6,CTTGCTT,1,Ames27,C06,Zea,mays,2010 Ames Lines,Ames,PHG84,inbred,0.9,05ncai01 SD
PI601321:81FE8ABXX:5:250032397,250032397,PI601321,Ames13,C,2,CTTCCA,1,Ames13,C02,Zea,mays,2010 Ames Lines,Ames,PHJ40,inbred,0.9,08ncai01 SD
PI601322:81FENABXX:2:250034686,250034686,PI601322,Ames24,C,5,TATTTTT,1,Ames24,C05,Zea,mays,2010 Ames Lines,Ames,PHZ51,inbred,0.9,07ncai01 SD
PI644101:81FE7ABXX:2:250031192,250031192,PI644101,Ames2,G,11,TCGAAGA,1,Ames2,G11,Zea,mays,2010 Ames Lines,Ames,LH1,inbred,0.9,02ncab01 SD
